Cycles,Err,Accuracy
0,0.13062604,9.75
1000,0.087015785,24.421429
2000,0.08132242,39.935715
3000,0.075139605,51.480953
4000,0.07106396,54.669044
5000,0.06706681,58.107143
6000,0.06438352,60.545235
7000,0.061373454,61.780952
8000,0.06051668,59.283333
9000,0.05850562,61.390476
10000,0.057531215,62.77381
11000,0.055537116,64.23333
12000,0.05506317,64.67619
